rainfall_mm,temperature_c,fertilizer_kg_per_ha,area_hectares,soil_type,crop,yield_tons_per_hectare
143.63502971184062,32.45404285049363,44.067280749020554,5.431276958794071,Clay,Wheat,3.615433746999634
287.67857660247904,28.40240915860301,90.44712315918656,5.0522278374824445,Clay,Maize,7.347812019538459
232.99848545285127,22.738190407158193,133.48295866393306,0.743599625161139,Clay,Wheat,6.480096618389223
199.66462104925915,35.344875492673715,115.18923523324295,3.7418543624484855,Sandy,Rice,4.521259554702099
89.00466011060914,32.11827931384698,124.85294922198847,4.111858378465643,Sandy,Wheat,2.768769255542779
88.99863008405066,19.065423483622283,105.64183767239325,4.288816418520555,Sandy,Maize,3.339904515933719
64.52090304204987,37.77317961234606,109.99595338732082,6.011637507659657,Clay,Maize,1.151240693551638
266.54403644373383,35.56343107307923,130.3954347034915,5.569224193905345,Sandy,Rice,6.048829637026569
200.2787529358022,38.7449978322981,52.45684115169417,6.275098381537724,Loamy,Rice,3.535483052674726
227.01814444901137,33.142987709709004,83.62524527360827,7.766390984650219,Loamy,Wheat,4.781890303233621
55.14612357395061,30.33537989839475,48.75722743654829,8.223364517802889,Sandy,Wheat,2.309525872855748
292.4774630404986,25.456075907265472,148.39684103956412,7.322169224151697,Loamy,Maize,7.518471168741692
258.11066020010543,38.31821208385033,142.72771415925973,9.57747511157188,Loamy,Rice,5.752530897090706
103.08477766956904,36.65159723751021,25.125485477905766,0.6732095354254355,Clay,Rice,1.8598589942971693
95.45624180177515,16.130466752654733,111.7247724270395,2.359890863993688,Sandy,Rice,3.2711048761028096
95.85112746335845,15.6591743624313,140.28228126403656,0.5718473122923502,Sandy,Wheat,3.2048308852759595
126.06056073988444,24.41158417195124,43.47479486655336,6.651009784468728,Clay,Rice,4.45786922074621
181.18910790805947,35.26383326954583,93.83287997184183,9.031290215024876,Loamy,Maize,4.4835432884998
157.98625466052894,39.68190323287361,139.01347868644544,2.813081817474843,Loamy,Maize,3.6203607744534856
122.80728504951048,18.760422277588205,24.41297721615385,9.306828175564913,Sandy,Wheat,2.863913328950486
202.96322368059487,29.853267883803376,110.66463474208919,1.0725402077508281,Loamy,Wheat,5.826595771370056
84.87346516301045,24.52227141577554,58.6553709584316,9.377142254652385,Clay,Rice,3.6460117953513516
123.03616213380454,39.24785994536508,140.17150539894897,3.8404155287765267,Clay,Wheat,2.5611146290313025
141.59046082342292,36.05297307839272,146.2375718714978,1.463497870267557,Sandy,Maize,3.9501732257252646
164.01749605425897,35.958217617778445,142.75464358474642,5.115781712270094,Clay,Rice,4.701327058087988
246.2939903482534,26.717328994874258,81.6478481654703,2.9393773933448255,Clay,Maize,6.340197243795922
99.91844553958992,25.37048755844163,132.06554462861075,3.206292568638267,Sandy,Rice,3.539183646772549
178.5586096034029,21.835176798267657,129.79142180955915,3.4192546667997226,Clay,Wheat,5.645597447295128
198.1036422155106,16.409387416273177,61.483061521623235,8.128746029410301,Clay,Rice,5.035517964696988
61.61260317999943,36.61805940637633,127.75901163958805,5.622032128414918,Clay,Rice,1.654615406827382
201.8862129753596,35.32252522825194,24.810992513014043,3.4574231419820345,Loamy,Maize,4.3313548829415565
92.63103092182288,39.992941832153264,97.5150842026669,6.298170941453725,Sandy,Maize,1.6029783288416755
66.26289824631988,39.91592092684763,49.9011488474014,7.303431405120339,Sandy,Rice,-0.21262639529389116
287.2213843133333,28.885792640065688,35.673695151046246,3.0899280069685706,Sandy,Wheat,6.43928420363921
291.40800826863983,34.22468537951276,30.00391621179719,4.428716464490839,Loamy,Wheat,6.018502489761305
252.09933702911528,38.619143247060705,110.51754086415816,1.6579178867010018,Loamy,Maize,5.148464321313724
126.15344229334268,36.24118476693529,64.18374528984859,2.220918820579463,Sandy,Wheat,2.4483236696911646
74.41802850159597,21.18370254357994,114.219680298739,6.9706196126673365,Loamy,Maize,3.1558152691858727
221.05825662803923,26.263603382752336,28.496324303862508,2.223664303108456,Sandy,Wheat,5.961606307865006
160.03812343490034,18.228985378787375,60.987743917979344,5.489052144837071,Loamy,Rice,4.279905778313376
80.5095587111947,38.85127568146806,90.13386800879384,7.235939486363111,Clay,Maize,1.2344383762266256
173.79422752781755,30.154365861272,122.79401142906526,1.5153307694000664,Clay,Maize,5.275798947454776
58.5971302788046,20.71607013758657,61.43782538116909,5.889466086474584,Sandy,Rice,2.6339275586453508
277.3301005196955,31.792517110146417,101.36587893681119,2.9373464451629556,Loamy,Maize,7.024365825859066
114.69499540000423,30.453206011447396,135.1771072707043,9.647805314757008,Loamy,Wheat,4.146578145425875
215.6305710884955,23.954067950821013,100.06221446369959,5.0936836438392845,Clay,Wheat,5.907288827290772
127.92776902235273,17.838939804990726,50.28473171797239,8.156929222864001,Clay,Maize,3.1999556128210362
180.0170052944527,31.78932988981999,23.172101602349944,5.7271521504844864,Loamy,Wheat,4.051768602438915
186.67756983581992,28.00769252259483,133.11285360712088,0.912419062120782,Loamy,Maize,5.9858621699261
96.21361388138176,34.30795979339098,22.765023410550327,6.514938068143213,Loamy,Rice,1.947287328858772
292.3961569411397,28.004087527799832,133.71121744894592,9.538331750963241,Loamy,Maize,8.122770661606495
243.78320584027864,36.3045375079635,88.76182742353755,6.215312291390147,Loamy,Rice,5.86925513503946
284.87473539104724,28.797670969362137,142.0788008066765,8.282294164554507,Loamy,Wheat,7.9317718753163104
273.70683760691225,29.023449288384654,123.8418206505765,8.899961401809874,Sandy,Rice,7.309797858206838
199.47499470277128,36.91634006645863,149.73143436933387,2.6667578335148585,Loamy,Wheat,4.537384566437503
280.4685587557792,25.087071655309927,65.59253600872232,2.514425979128153,Clay,Maize,7.588652762844677
72.12312551297987,18.35038071126602,119.73447756104649,6.3043193940844215,Sandy,Wheat,2.6166276238393587
98.9957156047863,15.719566907833475,72.25101876920148,4.404770463163695,Loamy,Maize,3.0057287263486696
61.30682222763451,33.87843139184048,82.38383063950815,8.478682377233843,Clay,Maize,2.303264669329933
131.33258269081608,30.507738783836615,101.57571021838811,9.050219672281106,Sandy,Rice,4.138026310001205
147.1693224223705,32.60199420248059,133.57802484422405,3.857503103375822,Clay,Rice,4.522369897209962
117.83725794347397,20.32410403772277,147.93085099590837,2.7502703102575796,Loamy,Rice,4.026700256115851
257.18437728798233,18.409286889669243,119.87554380238737,7.914992394816688,Loamy,Rice,6.9670874910004486
139.18833167339733,15.363616641697048,74.30968168175339,3.110657337707293,Loamy,Wheat,3.6442425077224407
120.23362742184518,23.764688970164926,74.77641029601912,8.314836025879945,Loamy,Wheat,3.6704526831484316
185.67402078956212,29.74794217136583,115.8856992065559,4.5255134096632466,Sandy,Wheat,5.370161416931729
85.23105624369066,24.806101127493307,51.041028949879305,6.841724043268969,Sandy,Maize,3.046014021147698
250.54924518850993,25.936873050593228,34.36163470708131,1.4075854814293476,Clay,Wheat,6.321195728096603
68.6376609199427,37.60396736234371,66.10088049330095,6.426663584427444,Loamy,Wheat,1.3063030134585651
296.72173415012935,23.706386675582507,57.341068915030625,4.7917929480036765,Clay,Wheat,6.803215211633314
243.06119232416435,27.84973722899527,58.52005565927871,6.072780400167004,Sandy,Rice,6.076233049494111
99.6789203835431,34.591325318528575,50.36900763648829,2.0961349735762025,Loamy,Wheat,2.5047210059939777
51.3805292809006,24.913569558031753,25.472114652727043,7.50030057696973,Loamy,Maize,2.4447155325442216
253.86535711370854,30.552167505696836,22.323611515343796,8.696572236660671,Sandy,Rice,5.676986634496177
226.71433596190428,36.55909271866863,148.4039106656841,2.5590281008623688,Sandy,Maize,6.158494543472152
232.25179201024682,38.738015591441055,75.6105073856621,1.4092882774415365,Sandy,Wheat,3.7154682695036922
242.81758667148642,18.67683702322595,69.96246413075862,0.7245665674401958,Sandy,Rice,5.857042421911485
68.5111629335226,38.16469062903736,108.35414675009908,6.598729254211027,Sandy,Maize,1.5157638515409704
139.61643213606817,27.302907326988453,48.37300542245834,6.267393342843417,Loamy,Wheat,4.022800126313117
78.96726488128243,21.45610970747396,143.4949539135293,5.693625420783665,Sandy,Maize,3.3390605537618887
265.7758564688984,26.478393905956533,122.22485187402177,2.7034974131017666,Loamy,Maize,7.560267687032029
205.82453170688947,39.50081438213692,31.62343030059374,4.213606961102389,Loamy,Maize,3.351316975086013
132.7245062131623,27.31545234982174,74.28550085204068,6.147525184268644,Sandy,Wheat,4.128120370735166
65.88958757150591,23.218790257187706,134.2853799830814,5.2192851591621094,Sandy,Wheat,3.4984716287595923
127.74558042891555,30.835021357918144,142.81516289788334,9.88396244204143,Loamy,Maize,4.425455571649126
131.29583050668674,21.003640469454826,80.76219646248306,1.7961776492889647,Sandy,Rice,3.658620794752203
232.40154458451602,16.8965832027166,99.74348059739201,7.103873263452141,Sandy,Rice,5.643820098743618
209.38936783880328,18.22199304776623,41.71441299196978,4.341028296990775,Sandy,Wheat,4.962634078673303
271.8031856440816,18.20114597394431,148.85192139780696,4.5678963417933405,Clay,Wheat,7.311162090637484
168.05373129048732,18.797567337807358,50.11732117984764,7.317178773752675,Loamy,Wheat,4.349959844093637
79.89856148457542,18.470679316235255,142.55513063756632,7.078143437581511,Clay,Wheat,3.5618147305483
228.31119680574875,31.021868620080365,104.4540643690079,9.91693194017079,Sandy,Wheat,5.843791749394962
240.19626215422437,19.54700210997862,99.00578333425169,1.7197457498141897,Clay,Rice,6.404635533674389
190.31929939237406,23.64168208309658,86.64950643214611,1.4890416691495802,Sandy,Wheat,5.59605861005661
242.74179498864024,37.4197102476503,49.98707552330863,7.381218762723041,Clay,Maize,4.636747683099286
173.4488990910977,26.84904100657181,42.94864416071607,5.994675711560887,Sandy,Maize,4.311277718467444
180.68320734549852,31.68894346302568,48.66320717912279,3.1045263323181556,Clay,Rice,4.264430061288997
156.8852545896374,19.307996780040746,44.236974078753086,1.2544840053953727,Clay,Maize,4.355341523303824
56.3547816860238,19.80722547021677,121.34598156367792,1.31375337116609,Clay,Rice,3.3886480250683726
76.97285674832611,16.021715406661972,65.51628369167491,8.994813309309123,Loamy,Rice,2.7011089618407755
57.857296421683564,19.223376576804114,27.519547953241528,2.3227395848280574,Clay,Maize,2.0182944111545433
209.1026028159451,21.964758475798966,145.98334191830548,3.5720298400974473,Loamy,Wheat,6.048818783794608
128.58899526908166,19.42526210691867,134.89216504524535,2.653235821156386,Sandy,Maize,4.428019063036658
177.1426727911757,17.21756334392639,140.6077968153777,3.8724649054034046,Clay,Maize,5.661944760504435
276.89161848152327,18.01589677751502,149.33801694403658,1.159526506087887,Sandy,Rice,7.598982074984523
112.32305728721875,26.519469200818143,42.60638239853335,5.431068013628568,Sandy,Maize,3.407193846402197
152.59573075890745,20.158342960144815,71.51146245734563,1.1423193541260415,Clay,Rice,4.621200380688176
238.88778463576216,24.10674652620189,118.57100184153187,8.103386824312434,Loamy,Wheat,6.434668131461357
107.19954137290561,27.58543177137142,110.48268034699299,2.720264778149114,Clay,Wheat,3.773271643129414
69.24497745719825,32.25987071573413,40.00646782418116,5.63011318874285,Sandy,Wheat,1.7026495819873393
122.43786322844201,15.982803496027474,126.05830624878031,8.860751331833853,Sandy,Maize,3.8571135446486298
90.30532181350111,34.98525997272607,49.17727433876588,6.6833350059483445,Clay,Rice,2.4150560623444544
282.42441308564327,30.697509737272696,49.096289926941,5.563098972237685,Loamy,Wheat,6.628687180759593
252.03009489110423,17.043975798721796,89.80667497614377,3.581170654596068,Loamy,Rice,6.003806533648408
208.35093912760587,36.839465602669435,97.08219152942141,3.6635181740528804,Sandy,Rice,4.600186512218016
267.8651475469294,38.02181001329533,95.41120701891545,6.860126074382806,Sandy,Wheat,5.239765693702015
250.91801922477862,16.526948996371594,31.893288861708132,9.944323931601092,Loamy,Wheat,5.240516128603648
96.64251472150896,21.921941203680092,134.06991214194943,6.787472303569097,Clay,Rice,4.180503061906423
273.13974962249443,35.15503199482653,54.528005536531786,5.798942465015236,Sandy,Wheat,5.5194306329001
184.83556047891267,33.70649225959146,36.836939766764544,7.441179847272838,Loamy,Rice,3.797145612693412
251.86003879101563,19.613025483909432,135.53725038296704,4.919453316695322,Sandy,Rice,6.569143994170934
274.02282498087334,20.233733083417757,144.23469476986793,1.0713522547074597,Clay,Wheat,7.014652304070297
129.50086874296596,24.26180256978455,132.07659024450857,5.841819750840143,Loamy,Maize,4.889587497817499
77.51298113191919,27.113074629775532,125.23708971423414,9.597440202801112,Sandy,Wheat,3.5731013073235642
106.98379063548542,30.4563692882574,105.18145748307282,2.1653779523977663,Clay,Maize,3.7739267577945
156.77694715656406,24.22284098924431,91.6114581791881,7.055046462796325,Sandy,Rice,5.091933259387157
254.50369148062327,26.563367903328697,31.308278788483317,2.4088700422610367,Clay,Rice,6.6363030823208495
265.18264581408584,33.68677345334392,73.09891769919084,5.590363002494272,Clay,Maize,5.952361803728884
51.738032632797676,15.917080072264948,68.44950721160082,1.4184262716438365,Loamy,Rice,1.976204623807022
177.68682564439143,21.31092360860052,53.76799188884241,4.778523894452759,Clay,Maize,4.33143893333868
154.35275078719474,32.83373964711381,114.04461477951604,7.683551624504838,Sandy,Maize,4.847439318830433
105.52695261768255,37.38017094217999,84.4638455602402,3.8019294802703296,Clay,Rice,1.9490418109146286
79.9663418334207,27.791936052891653,30.53600806799423,6.816661382628571,Clay,Maize,2.4637135124018625
134.403792850907,28.30283713163289,48.623816253475475,8.056774627502428,Loamy,Wheat,3.745913834252037
285.72742597812976,17.679300283494403,108.82363927574747,9.3081892850548,Clay,Wheat,6.608977169910955
130.80073300518882,26.185309170586365,29.897011733739024,2.729099777626809,Clay,Rice,3.810707872364974
179.6976554358415,28.315431661375577,130.65689882633993,4.293501200188427,Sandy,Rice,5.724772386428158
225.75473972379447,21.06176259086824,84.36904851181666,1.9479521266389657,Loamy,Maize,6.056864039392743
140.9074005948235,21.731080773734526,82.47625505246424,9.928593270504564,Loamy,Maize,3.9839779437333083
292.9455206802402,24.432104077615566,97.0130120057373,9.306509195280805,Loamy,Maize,8.330831346331081
290.6118237355278,15.50177994444316,127.20852557026939,5.629592737665316,Clay,Maize,7.196929127125923
112.94557395634104,23.05197913957946,65.2151970272851,8.499316296576001,Loamy,Wheat,4.523382209768323
174.31212647309636,20.286200174913617,108.14209983267827,5.449100784084401,Clay,Wheat,4.903931667912977
125.21957745419242,23.187433804447867,93.54515531945283,6.424064036026217,Clay,Rice,4.5943538085988855
121.2101235943669,17.99405329548128,54.713675122024775,1.3466821051021578,Sandy,Maize,3.5342884970602677
59.2217368386332,37.263182018497375,134.22189822617054,7.675068994719675,Sandy,Maize,1.7556248559171874
202.39108349497423,29.839811338851217,123.66538280890066,1.7132780945347308,Sandy,Rice,6.343553030349529
175.66975580721538,31.97755797861224,105.59873850559532,8.34764248739902,Sandy,Maize,4.780896345467174
62.86968781249734,34.729280965183456,130.57562478225145,7.929266832868666,Sandy,Maize,2.328293497250268
119.66161605915286,27.46105497322643,132.7482461247743,7.233074628558276,Clay,Maize,3.4687178990368595
277.06647149166344,17.17300720218559,112.08718697295453,0.8435236149852401,Clay,Maize,7.0222915531152195
109.89047266674311,28.427663545463695,128.81173268727736,3.379719381480622,Loamy,Maize,3.8807850328939058
86.22371802280577,29.671027950521978,110.67129001700687,2.999569414153007,Clay,Rice,3.347785880771955
172.36319006939075,33.63598685460825,108.41830032883905,3.9212958709794314,Clay,Maize,4.327778223523032
296.41261352765014,25.791488655741986,100.41947916797396,1.3326060942564661,Sandy,Rice,7.686313057515581
110.51381787787511,18.189507569889095,117.85316314249336,9.401099318795097,Clay,Maize,3.9081439866416865
218.03388685146965,22.09439764496811,40.61866368809958,5.761121286767574,Sandy,Wheat,5.455781592369347
240.4049038321794,24.077057409965878,134.5131986958607,3.4024809512512237,Loamy,Wheat,7.217604220508948
109.4093859980999,31.147931033290032,133.33965860688016,4.271324412205693,Loamy,Wheat,4.383302606805583
232.05408715296488,29.269457616722796,23.80214679449269,4.748424134795939,Clay,Wheat,5.3861817465909505
141.9457831798133,23.902418147446156,127.35617757341915,6.205646166925864,Loamy,Rice,4.916860407495069
208.07645764839486,39.66288121982449,36.75308277154788,5.398954563116729,Clay,Rice,3.566377420115161
208.38242769022366,30.14437048392218,63.56545105368845,9.234223745536966,Loamy,Maize,5.7597717742048395
183.94367101868963,20.93066979339986,116.656073317909,5.221153087605387,Sandy,Wheat,5.672016930680313
72.57244251360208,17.544561815510093,40.898786486280066,9.92550114082147,Sandy,Rice,1.8889474878855361
258.82562389730947,18.821478479608302,126.33571313547809,8.58853709857841,Sandy,Maize,7.004924847172017
130.19501624293395,21.148943209612703,128.17744313450646,2.48084988639469,Sandy,Maize,4.590209553390049
96.62962759996356,19.017034331488894,85.9708053889087,9.340654539117205,Clay,Rice,3.650100506387431
60.19378538869098,19.664175601282643,20.830163323188366,1.605480779912023,Loamy,Wheat,1.8156054940049047
197.72323579706045,22.127379217346178,57.31495731273866,8.26577223066632,Clay,Maize,4.795111700114274
219.3910904605706,19.33433988236887,100.20049938884648,4.115921288027511,Sandy,Wheat,6.045900797528799
54.14695723196404,37.41913561566063,147.55420314356505,8.84075604422816,Clay,Wheat,1.0486213666960977
178.02326457482025,17.005843641541055,102.13575851216689,8.746538556020779,Loamy,Wheat,4.583303496614279
106.6239437994845,28.112784739256366,53.77446553834077,8.1562913011174,Clay,Maize,3.116370589648137
211.29319760236245,25.259920674741537,102.42074140294947,8.005289144917082,Loamy,Wheat,5.800415377233439
93.59160725124786,39.559465422715164,90.19809936306122,3.3944518214313875,Clay,Maize,1.2793233634166568
222.73443452561648,17.80097255420131,121.37990136964866,1.2687331889868956,Loamy,Wheat,6.375439813480678
146.68383657513436,24.946389976143543,33.90748304750459,4.328311698269034,Loamy,Maize,4.428889447333066
284.1824971841836,39.236760831884226,118.93362732526364,2.1484828923718324,Sandy,Wheat,5.540613422495829
84.3802360364983,36.637678147349504,90.36465522789433,7.102035344573387,Loamy,Rice,2.536982787953662
135.26658776256463,35.426801773731995,145.1889605016693,3.7879474021089625,Sandy,Wheat,3.5213502614310666
78.36838031014727,21.447570676123497,64.44338158502919,9.76829690816919,Sandy,Wheat,2.4961188653177135
281.1734045696407,19.272189684751645,102.24084610741326,6.589234734780654,Sandy,Maize,7.396877440166269
269.33483834524526,31.716080498110774,141.16365371630226,8.313565354526428,Clay,Maize,7.371168900293683
114.4854069287889,38.23439972818964,33.3262646387883,1.75898439104756,Clay,Wheat,1.5333984028336032
214.99601150854477,28.919072325348246,141.83970334073865,8.689137581589915,Clay,Rice,6.124087716555739
254.30555005030396,29.290317236747498,109.42514389910573,9.266193309877247,Clay,Rice,7.334213782589192
188.80020289986558,21.999477341507102,28.81881768367235,5.127088228779891,Loamy,Maize,4.368130107308398
182.41264458900162,34.23732332979842,59.12526370308611,6.259402908634286,Loamy,Rice,4.166696325215443
110.46307272511292,19.676093713938084,112.06237152388661,7.765693108578457,Clay,Wheat,3.9150183465687975
73.2756919514748,23.09198091010609,28.75557819094032,2.160966958973919,Loamy,Maize,3.167313694994337
274.3039394883317,25.635910965410417,95.68215982291552,5.274377726402703,Loamy,Wheat,7.413786624058463
275.10451429083264,27.690259467111375,64.96479740388438,4.287298763836974,Sandy,Maize,7.043454695755663
208.27536431831697,21.060243310377004,100.71901730977203,1.8905529255413667,Sandy,Maize,5.66666552168533
134.75744776217516,17.87092061848009,25.94646439562667,3.991577011769549,Sandy,Maize,3.4369199385020264
137.3023936531652,30.265501061040816,133.29978479980892,1.1476369391621888,Sandy,Maize,4.653383503086899
231.48891971755984,22.215763831006395,146.5535659930616,0.7452131160201263,Loamy,Rice,6.501254981709224
274.27756498814426,29.530955535565305,145.9541211871399,1.7840797469708163,Clay,Wheat,7.777677387029518
271.77160606627933,18.859067881855058,117.45473812658021,9.649593560097152,Loamy,Wheat,7.383987046748803
244.96888646440595,27.028502546370436,36.91121121698215,5.720530591002661,Loamy,Wheat,6.328351130297976
210.50791153857193,28.314735813789646,118.57421547077294,9.67531053095559,Loamy,Maize,6.206024028026712
71.03499124876221,16.295588420560673,23.196299139644196,4.608729844136254,Sandy,Rice,1.4781419419840176
90.40717852365344,23.415106954848014,22.876061698769643,3.462253264309966,Sandy,Wheat,2.089030208429594
274.63854713176977,18.360366923474356,62.06932848944036,5.3083476969823185,Sandy,Rice,6.5897330352412995
201.60726491489748,16.584374261819192,83.52361475260655,4.675361042012646,Clay,Maize,5.333736498094957
52.29926290415741,39.74900580974863,120.15296431501312,1.503814500486567,Loamy,Wheat,1.2308429181982148
75.36788571650803,23.058846124368074,108.82839895884567,6.587849989556959,Clay,Rice,3.702782773247963
215.87544227701395,35.24686114636587,77.96735182897729,2.5523627338411963,Sandy,Maize,4.844937436736208
51.265395961554674,21.366016369094098,55.57146661661656,6.386085571529381,Clay,Rice,2.6752034673097875
90.20201285437466,32.03756805559823,149.62618502050245,6.676910377782457,Loamy,Wheat,3.942277013077522
187.18344734164654,34.00569649724216,75.40356929067649,1.944236104722157,Loamy,Wheat,4.41988887751883
222.97379942317332,29.890968515196107,78.68031316285781,1.0828214575513475,Sandy,Maize,6.030042794910401
212.99031487565014,26.78940471375396,41.271096754917,7.917235067650179,Sandy,Maize,5.299709829143336
106.06732736513995,25.296022853681713,123.32524133749082,4.868104025808542,Clay,Maize,4.365729934863765
228.04480533688397,23.721706663574885,110.17868935159352,1.05255605730202,Sandy,Rice,6.126607668423806
109.31227187420001,38.23822860619565,48.70004966253885,9.951230013112788,Sandy,Rice,1.4240754252085446
131.34992453981693,35.76548519469323,30.709535930059552,1.048915329465483,Loamy,Rice,3.0525992494085155
236.62285127950602,39.12567276666282,108.4649092697127,7.102834674156255,Sandy,Maize,4.9230278438402815
212.40822476180367,18.10743058713862,105.08645785654758,9.84494979000243,Sandy,Wheat,5.7840374048631755
262.3058526235445,33.27168688009111,55.52373850976721,2.7722109900512932,Loamy,Wheat,6.003537045461698
214.40322307508583,38.458511420525944,143.61226309255335,1.8513690025283638,Loamy,Rice,4.155489466555733
192.0771508338679,19.530826654141503,39.63752593151703,1.6531569245130746,Clay,Rice,4.816336923660091
73.41869195702311,16.662406684169436,76.20352413553825,3.381113901892158,Sandy,Wheat,2.441509407650971
141.92895076485837,33.528016232251474,142.67006962178786,1.4599352046011436,Loamy,Wheat,4.237589128671723
116.30059192043136,29.3618278294978,74.5645512003959,7.075532746094253,Clay,Rice,3.5676536724283
110.9974108447709,36.0457194189568,103.00837319633112,1.0917720822355956,Clay,Rice,3.363278890481643
293.2526386881114,18.494309415657238,71.68727173516325,5.339510217423002,Sandy,Wheat,6.9105986939043165
148.2744311666901,34.88168279649726,55.647976305327106,9.968620111603279,Sandy,Maize,3.5019303883738884
273.0116387942783,20.040683001193614,147.91709423477766,8.23271756030718,Clay,Rice,7.825694905772652
207.78465649931573,19.091398571642614,73.21342082095559,6.3445846631946035,Loamy,Wheat,5.098280506852478
248.7028258854121,19.106644948274823,136.23289647828747,3.409409397472811,Clay,Wheat,6.847031371648427
175.65927327629802,35.364368005784556,49.89409876584121,6.427010444770565,Sandy,Wheat,4.103818559934257
194.22597115658976,31.629930517405004,47.70361152326083,5.50689390716069,Loamy,Wheat,5.327762706698138
173.12942345471598,28.076635619227982,24.047430774986477,4.547792146958529,Loamy,Maize,4.530386828673568
98.81074694951113,23.970762103087562,104.71668729886505,1.741748579031895,Clay,Wheat,3.7414054412903432
230.61302881537634,36.930013520327705,67.90842468408894,8.922740044784433,Sandy,Rice,4.818799817637657
120.19309061021394,24.811127685565886,132.3665724791528,4.772954163802564,Clay,Maize,4.650261923592466
56.07899160786346,35.41498598678943,81.51728786990243,2.348913862297268,Clay,Wheat,2.068060799645437
211.36807397679195,25.97837271425546,145.8651456289138,3.9937138333342515,Clay,Maize,6.2275232973948595
94.27766985176223,24.423610735622688,44.118317041405746,4.434232649024807,Loamy,Rice,3.1994523957586014
285.1146460882286,26.56699464174016,132.9210118342294,8.361610007885306,Loamy,Wheat,7.5318059199714895
288.48214425064685,22.534446854103553,120.95759086292642,7.46933661533332,Sandy,Rice,7.484800804750529
278.7160975551121,33.69023450440628,120.21983980372676,7.808396489592728,Sandy,Wheat,6.9042907962655145
142.5396750638611,27.56800975231198,129.82181965519538,0.6047970120721485,Clay,Wheat,5.126022309440589
53.864154132216854,20.80531737867043,118.93311882258986,4.453462982707734,Clay,Wheat,2.695843139810269
282.07964064693135,37.48936433186421,101.408641812084,5.072769440535574,Clay,Wheat,6.127465453611634
157.04603707932858,24.597280534330284,37.061834098710385,0.6823266298190385,Sandy,Wheat,4.613390850032973
291.6637047609174,28.588821527849717,24.22840333386275,2.968225483077825,Loamy,Maize,7.437173528499418
290.9049942723132,37.661802774113674,139.7102202160393,7.722753319660282,Loamy,Wheat,6.492913647353446
263.25236386684,30.605949897849804,100.16454088769595,1.802542204425491,Clay,Wheat,6.560496585408498
123.61222301739642,17.9224510177091,123.54984782690292,5.585446248799621,Clay,Maize,3.7560843631679197
146.27443215048132,38.49580309033688,82.5979056966315,2.5444177841637563,Clay,Maize,2.4495627300685094
262.78416787921424,30.692701326785446,35.25006456511128,0.615147359116986,Clay,Maize,6.509049729696632
129.23050128906942,23.372640366427152,36.27415298633156,2.7914138471956442,Sandy,Maize,3.286339958988186
92.37318667152311,18.48180181658468,109.12348733976627,9.77080067164551,Loamy,Maize,3.7891540769406973
189.20031561458754,34.8506297317574,75.93976633693015,8.1146025628884,Clay,Maize,4.162522605763579
284.03869354019525,30.50181889821284,46.068214471043774,9.615978121049817,Sandy,Wheat,6.403194044269202
224.00744916874325,28.33652729940804,83.9072910763868,5.134613417300443,Clay,Wheat,5.962431113438788
192.51529252234124,37.347314576273945,28.34716181976743,1.5424938874362832,Clay,Rice,3.2981193313198753
74.29412344269213,34.714930280613274,95.65628224887185,5.705615145250083,Loamy,Wheat,2.6382405142586665
203.75180667479245,18.79187199331878,54.969142576562696,4.816584678319629,Clay,Wheat,5.583322211382911
297.51346252606584,22.793051694888707,123.68268308283446,8.521392286026352,Loamy,Maize,7.851160225869385
85.021003809131,21.212228495361643,60.347054660064586,1.4317845174503236,Loamy,Maize,2.940747141320375
179.58241309093418,33.598657314316924,79.17861938063416,5.1382908017068925,Loamy,Wheat,4.455069137349296
269.3432679819889,15.838310868394485,21.510670188053084,1.9254623145928504,Sandy,Rice,5.794923613126313
235.1921544385511,29.24724212178291,29.418095413292654,3.5844213054555696,Sandy,Maize,5.591588102806721
224.253935248817,34.06146714351726,71.02416233286903,7.504892235184097,Loamy,Wheat,5.6503956836903795
225.6210209967773,36.91914091904374,82.39204851322606,5.022172229003282,Clay,Wheat,5.059668877556157
139.8727878049388,23.55204371789769,98.00267125550948,4.070938708884809,Loamy,Rice,4.360877988626546
123.39796106612334,35.531432616800316,57.91613523220942,4.247524646415336,Clay,Rice,2.994300293694954
252.3402888696284,17.76579342388018,110.34764519645053,4.8647442998568735,Loamy,Maize,6.993046552690172
252.52834866979518,36.16130729336295,131.8159116345966,7.957657166452041,Clay,Rice,5.874544001043033
266.7680796450259,18.18721655829956,121.38062855613548,8.974804544932226,Sandy,Wheat,6.7667482346887295
278.31013813911784,24.93218226400918,25.15044729528643,9.575679521787318,Clay,Wheat,6.459250143926186
177.83559971523445,34.932384144488836,82.46590314351776,7.975582169425303,Loamy,Rice,4.202725793145883
175.37907367179992,18.747935683719344,33.640923194362735,3.496365509606121,Sandy,Rice,3.8225721576572136
249.5737947416938,20.731284880816037,51.465852062128576,7.03727970782215,Clay,Rice,5.825420642328147
212.4909826944413,33.05631420982665,148.26613712472903,4.657229678526223,Clay,Rice,6.006681154282736
225.49171931442584,33.00091341365186,38.52442057719672,2.919370909437486,Clay,Maize,5.5590118299287745
248.94816735902526,31.028690822132432,84.85545994867628,8.488280004546265,Clay,Rice,6.180058572623144
272.50133545439155,32.3487111116775,100.36024546135549,0.8650503151420874,Clay,Maize,6.570766422787894
134.49878921288393,28.568111083689907,111.32044617073352,9.066738925286524,Sandy,Wheat,4.956322400035727
143.89573815998602,21.294976472673817,92.75432885329883,4.884035913934975,Sandy,Rice,4.205708819807507
73.49548496021725,23.642399837597985,21.270210164493875,6.553414029678664,Sandy,Maize,1.9858080700278178
194.57003524904349,19.539942920035642,62.439970071718946,6.7638622609549355,Sandy,Rice,4.839123541692121
58.98556844918552,37.71126403334071,87.30251364001249,9.003618536712096,Loamy,Wheat,1.0981388284925135
166.39950453311502,29.58479486915301,31.422644888828337,6.54836198058847,Sandy,Wheat,3.677777174219946
185.66115867689416,25.021285419090997,65.58150105719349,6.332369055220587,Clay,Wheat,5.130621141536776
121.6353130320711,26.550145091103317,24.31640414287765,1.1331943853265547,Clay,Rice,3.836374708993942
197.7083151422527,38.68208349029538,30.215204630152698,5.424876208479438,Sandy,Rice,2.8685378306779974
57.62506248476236,18.833785077902004,71.60002590620749,1.9266055077618958,Clay,Maize,2.364552909788359
59.337047187303604,29.65574580041993,37.25304802559785,7.505620802854113,Sandy,Wheat,2.2312924371088045
255.65014016491457,27.64721697211165,93.78031027400256,5.366108247720407,Clay,Rice,6.85571304648167
140.04766035281574,30.286355885866193,109.63044598784455,6.9621639024793565,Loamy,Wheat,4.533509858336757
81.7651281629712,15.452754595521013,124.07627088418077,0.8958925557226505,Loamy,Wheat,2.883764502746344
180.5608150137011,36.803097723603784,46.01953175182531,1.3055241524351306,Sandy,Maize,3.2544620719873367
242.4983882746527,38.302957062090314,41.77273569367907,7.305072186595481,Sandy,Maize,4.767583228075219
103.95525687421079,29.12832958973022,33.59381924347203,1.1848011919873969,Sandy,Maize,3.43893932812738
205.72261895475006,32.4162705969223,102.73593244067277,1.1769389137699566,Clay,Maize,5.798774427006336
71.33686624844199,38.062484529432396,111.84184444329715,0.6150305147314308,Sandy,Wheat,1.9129734707483634
62.92043029215192,32.68096585783496,24.106198827333465,9.58676328384506,Loamy,Maize,1.3470043881942018
182.838657892037,18.813476072856535,141.70759201167968,7.506329414860566,Clay,Maize,5.818937008289939
185.15878040252662,29.40720900417033,26.756266874691413,3.8558883807696094,Sandy,Maize,4.793183792997898
209.35747537455163,30.1678761595714,90.36852358913916,3.3170880222327246,Clay,Maize,5.212808218892626
231.5228334306654,25.60326678255965,112.17786752861913,3.8221806825855706,Clay,Wheat,6.4841229292450775
293.96301986563367,33.411105890618074,133.22598608699113,7.859208546221228,Sandy,Maize,7.40709126994827
179.07508707529882,38.35917536922537,112.83130117721561,6.7830208051689365,Clay,Wheat,4.224434217258344
130.73911823531148,38.13921282266941,124.22465079907293,2.2593578947409454,Loamy,Rice,3.308056894071235
248.79654869217592,26.270984285103303,64.12852503056479,2.154038685673801,Loamy,Wheat,6.20169249543588
117.70806281551856,17.830951146018883,125.9272647870466,1.4347586722772745,Clay,Wheat,4.408097827008746
159.74285517640902,39.62102997405836,30.414930030007767,6.7728758371627125,Sandy,Maize,2.1943951576192955
69.61409533556649,35.972452161148354,136.3261652878686,7.761540291106492,Clay,Rice,2.3748441542321967
56.33768585386438,18.116567030081672,91.18700889998571,3.0179410690875383,Loamy,Rice,2.4266718525869146
290.66210366948127,38.02104706543431,126.24871009512418,0.6989771297936718,Clay,Rice,5.793185936131373
258.99503012805144,36.747409051553205,78.80137698737902,1.2806308410260598,Clay,Rice,5.454967327044833
223.9935515234245,27.970951428151803,103.66510037554825,9.694670331027789,Loamy,Wheat,6.437502087531298
152.2382361035675,29.781885893623233,88.43234592169472,3.3067253860354926,Clay,Rice,4.4848088560344035
93.32358001771144,24.975067596753256,115.10663782819314,7.807619904462269,Clay,Wheat,3.9436675055631114
89.10926066777151,16.369040970550785,30.611897663976645,6.434303904115506,Sandy,Wheat,1.8540523310406334
112.56072454114883,23.379931041147522,27.845770918773294,4.128426576702511,Sandy,Wheat,3.23114759141305
187.30666617653011,35.071336214950286,52.12342042131904,2.4540289908577737,Loamy,Rice,4.3080114941806915
228.6489806750156,15.115800575115072,40.740808414714486,1.653170972514361,Loamy,Maize,4.970311978057528
215.0493441794328,23.337479292278605,133.33186365698623,6.3426231963692326,Loamy,Maize,6.03502624220678
119.9834742364857,24.954217339773585,48.497818356545764,7.859020916058986,Sandy,Rice,3.622924922514029
288.7163201657985,28.434890073448074,146.86248325648705,6.617090408640742,Loamy,Maize,8.538205416807903
234.47422917394212,37.99639041031901,63.79645293024389,5.537870265867004,Loamy,Maize,4.400653653507806
188.58851312785018,23.65864985914903,43.67532903953091,0.8985366226005445,Loamy,Wheat,5.055273614182256
202.93018655858805,23.673830047405694,122.6608059285223,9.700643387146647,Sandy,Wheat,6.011597797860659
154.90001560694748,33.43753120274371,105.6320108151139,8.087784820718458,Clay,Rice,4.812873019993246
111.93274737528937,26.30544852224518,84.76544313890807,3.281809348659165,Loamy,Rice,4.416377857110948
138.99316966281538,20.61512057349955,92.19726162189205,9.809718128909081,Clay,Maize,4.601823633571402
239.46152761609227,26.310987903317333,113.4962311753943,6.21787510154506,Loamy,Wheat,6.475033277237586
53.598372157438966,18.521425509494996,49.69911637306883,6.033015252968841,Clay,Rice,2.15699424734687
79.01816012672906,19.409674662655583,149.52340908737645,7.606695204580555,Sandy,Rice,3.803462442557336
61.50066050543819,27.459194318486993,146.7231110790818,8.211812986856307,Sandy,Rice,3.2971865032599785
60.182200579742535,25.473136237613698,104.5423392251018,6.736546769649276,Loamy,Rice,2.9456736930981298
263.86514600275177,37.8711475267025,45.940518620788865,1.7169095904789002,Clay,Rice,5.491547963883633
225.9144648450059,24.059847477915827,108.42967151606787,3.713541306947735,Sandy,Rice,6.373506150747906
168.5434572718313,29.514708756951087,29.38579316729286,9.316794583097472,Loamy,Maize,4.855394171181992
74.45854016275037,30.80660719798826,23.984825286754788,2.6338483125165935,Loamy,Wheat,2.550980311253625
172.90396877920807,15.32736141470834,53.498775506457775,4.035586726456376,Sandy,Wheat,3.9498307933446064
168.36794269514144,31.588434300417767,80.14098437611112,4.604730387969862,Sandy,Rice,4.740453463262572
93.30046747750379,19.450899171743785,132.87542570308946,4.674347402097296,Loamy,Wheat,3.3267125384602023
158.46291230949328,39.026757936736374,114.53197906962004,6.322926033697993,Clay,Wheat,3.209111088678422
149.62618359934336,18.716568193827825,116.55184775599753,9.459220458574721,Clay,Wheat,4.988333120813169
203.96252451305412,25.365603093175594,75.3141334782498,2.7865807624087973,Clay,Rice,5.935457019781867
208.77341271691094,17.133741701966095,64.97154903110518,1.6542630748587217,Loamy,Rice,5.212704554654721
61.32600244301113,39.92185629614868,68.23503918799835,2.3759696536694044,Sandy,Wheat,0.9658336462561944
143.6531536566178,27.554875258281065,148.39444328568752,8.925786551988061,Loamy,Wheat,5.096221413337223
206.4649789285591,29.884625433001094,25.214194883622724,6.6352027202244575,Sandy,Rice,4.826979168693693
175.78406464502194,16.676911934710688,132.71409449591832,3.216114497772021,Clay,Maize,5.046233863257485
264.1224602970806,33.749011759979446,95.22780311441115,8.251495920201865,Clay,Wheat,6.499215379756616
214.67340790473625,20.247639827389644,77.02000449464677,8.683014965452642,Sandy,Maize,5.142480702196583
90.73360677035743,37.45135723601784,114.28349585396775,8.541886217557641,Sandy,Wheat,2.2626047168046126
67.64218685010746,20.12849101205018,83.26696238521137,9.229802069575767,Loamy,Maize,3.1013008673183973
210.6048195515789,19.767193016591662,133.54502095061588,2.896289691646935,Clay,Maize,6.042831423692608
56.62782763540545,15.913741696202372,137.0912423214636,7.672898323089644,Loamy,Maize,2.9199575061802245
196.44389531836583,26.80167362774998,74.8237204935492,4.87512522410433,Loamy,Rice,5.7970108314168325
285.0575603562394,29.121028331565412,55.9876136405567,8.498986252455584,Loamy,Maize,7.64361353398803
193.86854446896973,16.642715985708808,97.00554271713709,7.420661433035326,Clay,Maize,4.77380348632113
147.0424815516305,34.38819041737526,138.60723493016982,7.876250741747384,Loamy,Maize,4.604753742354168
210.82205461058828,26.332220868700688,47.38608457073666,6.733537457970179,Loamy,Wheat,5.227356641149895
164.56322262287915,28.1097567331895,100.98565586325276,2.185573309962215,Loamy,Maize,4.629805206310919
186.40419732898374,26.019068673455706,102.10282861202768,5.677755729520914,Loamy,Wheat,4.988067970242403
285.3662021941313,25.01907652188315,115.30469291398653,9.854362525482827,Loamy,Maize,7.931864540604698
146.52565945019356,28.991008282705447,37.10379906654377,9.40518663172263,Loamy,Maize,4.107544082726305
290.2976409559785,18.88100614826781,113.05724540867152,0.9101504900716109,Clay,Rice,7.318389098422396
276.33766048901595,19.548203262381776,138.17422768653333,2.0657407494296525,Loamy,Wheat,6.939223309777721
98.94778369732411,36.54464052533793,43.35880415313146,1.751423347818338,Sandy,Maize,1.6926404790434453
67.34032521879136,38.65288655334082,50.88063224010409,7.396809144860307,Loamy,Wheat,0.8528276166955591
75.19450034435667,24.332732906993826,146.28136222541315,8.268960633640978,Loamy,Wheat,4.060201985445105
54.55545641288743,21.768616828588844,43.52700385223367,2.5283579799513833,Clay,Rice,2.317000069701005
73.6107401889821,31.099988580975396,131.07006213804527,5.305600583042375,Clay,Rice,3.386434921091376
220.7516933540892,25.21835427745241,83.99612133824452,8.486678766106401,Sandy,Rice,6.011678580267171
67.79716211505725,15.634658891508622,52.14003967241302,7.461614675279381,Sandy,Rice,2.3950147589994364
129.7439075734403,18.90381493415476,133.19748716542648,5.651253452172559,Clay,Rice,4.149743406254258
261.2188277423636,32.89930572118494,77.88968315034651,6.1083030593583425,Clay,Rice,6.069511612397748
55.81798393395647,31.473098547753786,86.92625601085973,5.32942519570466,Loamy,Rice,2.378904768500351
253.61712064723395,15.677399812587087,66.70033802196954,3.3267102875287953,Clay,Rice,5.9330483700138785
120.46369369334998,20.549304048323737,97.08361068654057,5.867708932160653,Sandy,Maize,3.6903650992536656
79.54120690541407,20.776869914701784,41.25810343605296,7.0444103694758615,Loamy,Wheat,2.7257724724597012
224.18429134103766,31.79731858996821,70.84059976472889,8.796567700677674,Sandy,Rice,5.649529467360734
207.235711694971,15.492763443859104,146.02360190358738,6.544767862802857,Loamy,Rice,5.452767392371062
269.36800338176323,17.602714549614348,53.55734625114658,7.730654601910001,Clay,Wheat,6.274729048088914
233.76776095097145,34.997902134329735,105.37576639036799,2.0206805320684436,Sandy,Maize,5.247188242425527
250.87023259621213,19.463616551358342,62.274708349210336,4.884796006988004,Loamy,Wheat,5.85851407577389
120.50864314282663,31.31865269629687,120.55150633925808,0.5886503883573864,Loamy,Wheat,4.106315934241349
94.35988594493071,20.954569526168164,37.01357589338548,2.8434492129554187,Clay,Rice,2.4957517250029775
237.6536879102146,17.48603481898363,146.07673586021082,7.401386293573546,Clay,Wheat,5.805803578626065
251.708684816816,21.07930477498635,78.99264037987311,9.922194537818953,Clay,Wheat,6.630231579899643
297.62628550016836,33.05667329639148,50.68656023504032,1.442191946078551,Sandy,Rice,6.9949824490832455
153.15441922785664,36.39241170265714,29.554577152901643,4.314196000682238,Loamy,Rice,2.8807227764499967
143.0045214481958,35.75549661417479,42.0685276613803,8.100674202642015,Clay,Rice,2.8235474357731345
244.1032401854992,24.92958824046137,87.57061331228229,2.4383385289745387,Sandy,Rice,6.9293819264663625
135.20088506325447,31.702128414266156,63.810412936067216,5.773307018371719,Sandy,Wheat,3.319275112412948
282.6893314008912,20.124607385395525,127.75483756473923,7.464177312281911,Sandy,Wheat,7.054628684783471
264.60318796075296,22.328693256525334,76.01537807603478,6.351861777471701,Clay,Maize,7.043149669910621
157.24850684375457,37.40839546302799,52.33285543639189,2.286234978846453,Clay,Maize,2.9813273675237655
237.71776694787434,15.325048087768401,100.22884825852391,3.8761534025145243,Loamy,Wheat,6.00005989828986
238.6357185211706,17.1377132713617,111.88103819510796,7.946021952611273,Loamy,Maize,5.541289462707878
75.78096720898316,20.197156378650682,41.715448027123486,5.765151884254158,Clay,Wheat,2.081898558603971
275.63822666989165,15.663305096845493,41.79049811748129,0.5496813286576709,Sandy,Maize,5.8832304153799795
176.3130931119643,19.535885877244933,24.767285501360586,7.729412220266892,Sandy,Rice,4.470671395333114
256.61436652693544,29.576039024242306,115.73226195853327,0.8354578719322712,Sandy,Maize,7.154307744916995
130.01240025765293,25.53561376481245,106.29458859083466,7.5844709359467055,Loamy,Rice,4.672770400653472
273.8808071240501,37.31679277692437,81.7020138474758,2.4235653215697557,Sandy,Rice,5.696998984466366
147.30041968354078,35.436089043461024,129.74215836599564,9.601698061134112,Loamy,Rice,3.9974899691912396
52.70941287007459,23.5454337924469,124.7371198835069,3.9954371373698025,Loamy,Rice,3.717673299186362
276.3454941048159,21.485585835782313,96.09606737157777,3.6058503552117513,Sandy,Maize,6.853452449994407
72.82166919653339,24.49231020418167,132.87526646672362,1.9144364781582244,Sandy,Wheat,3.6603146050769055
129.8284093976037,29.757373562870193,46.75935730477987,3.403240047157041,Clay,Rice,3.4414930784565048
287.51549176270123,21.701591020571907,34.549550521704624,8.828182237367905,Clay,Maize,6.997443886256855
287.651786734389,30.603722696228353,55.06744949720865,9.96517620745885,Sandy,Rice,6.54858787828129
193.35947203082154,25.23529130478101,27.42129129161093,3.998940539815059,Loamy,Maize,5.273993443101622
207.95930304244982,28.801179521299506,89.05203864013416,4.761800994068154,Loamy,Maize,5.848848273766225
162.11138049457995,25.903163228382915,141.758739998345,7.359673912926002,Loamy,Maize,6.085049723681624
123.30269292451614,22.361643988547943,25.114660286906254,8.918859914418208,Loamy,Wheat,3.4232853427462575
132.16613634247898,38.71133267405392,35.87428882130348,6.133921174774449,Loamy,Maize,2.1595490129510915
218.1296140192596,34.09014485399402,78.78587367684659,4.219494132689379,Clay,Maize,4.940246798349506
238.09363235942,18.502829394161314,141.40375227862762,4.419907488061925,Sandy,Wheat,6.437410009228546
247.89476093146214,36.711699397447816,61.10029364697757,7.108372391719665,Clay,Wheat,5.028983971170529
247.40453569863848,27.18577995623784,85.94052512949102,0.5305735042406474,Loamy,Maize,6.211553648355356
72.80152576217259,37.363805672352285,25.404471676550973,6.386098705868487,Loamy,Wheat,0.6161511447166244
173.60507617564537,34.996381398682885,39.28461612507155,3.8771835991928953,Loamy,Rice,4.005629064034985
64.38969000416107,25.630337611730837,148.2619159846501,8.0448746471323,Loamy,Rice,3.682613658422593
187.38222058093388,15.561732708002936,145.46543053668591,1.3834110783197555,Sandy,Wheat,4.903611862319314
160.38262534334427,21.71693398462365,20.64219752147325,6.08792153600971,Loamy,Wheat,3.945193403343401
271.92604568957495,28.540855366521672,143.73553210502106,5.069242453918176,Sandy,Maize,7.360953028858347
137.72875313801967,30.836955495653683,103.08559191601505,6.60209249609966,Loamy,Wheat,4.338495701840595
79.26675410690146,21.447192135830058,132.82937828760288,1.1161091475881992,Sandy,Maize,3.7409151870518373
85.74792051320897,18.483901851820605,79.11618123240169,6.009845980567247,Clay,Rice,2.353892702933559
240.37765792936807,35.873255919982476,87.02748371530254,5.834103585615475,Loamy,Wheat,5.779401269757015
204.55451582906525,39.61005451758881,83.55005543339962,5.826270896953623,Sandy,Maize,4.014564169728728
75.28066903069757,28.142254557567146,106.69235348099356,6.233132832666321,Clay,Maize,2.6246028493143023
71.02670152874936,19.291982146207587,38.15466311832068,6.926445403650441,Loamy,Rice,2.7620439924629037
225.24228286478,21.807683162984226,23.896566683448135,8.147395496967313,Loamy,Wheat,5.818468111650451
68.19075159104838,15.459766913686668,60.03089240685482,3.0632968412180364,Loamy,Rice,2.0140971307339033
255.46501482258904,37.857470164012476,111.60849915576406,8.33796939671059,Sandy,Maize,5.003089311259248
226.56055678912406,17.94377707225353,46.240948775983284,5.23342898150281,Sandy,Maize,5.620286230981286
70.33719516047495,29.41291188785634,107.54621633223925,1.232053651776146,Clay,Wheat,3.015098833342848
71.20942852129798,21.85138051718015,146.08856599394517,1.0562338278178025,Sandy,Maize,3.7705998370351708
296.6598946252939,28.854450062894834,32.20709305262439,3.6752640276125774,Sandy,Wheat,7.542461351747156
143.5676989390301,31.285509708796607,107.43827536926642,7.956521282558942,Loamy,Rice,4.586211434666588
142.66053676672271,35.74354509268004,77.68752850959424,7.2229688800386995,Loamy,Wheat,3.0607830013303348
253.19989181437563,20.16053179401508,132.85849306907568,7.991842164387861,Loamy,Wheat,6.917658943334964
286.81214434596467,15.274895716462012,43.029472628160164,5.414056036195289,Loamy,Maize,5.89392747187171
296.50026595571774,18.422140751720182,110.04137378940139,4.68189048057716,Loamy,Maize,7.637783649341122
238.3445463147354,37.50046604620263,128.95498765425432,1.9007990037096976,Loamy,Wheat,5.112004021489661
144.06489638272893,36.847251939062886,142.799848531623,3.6178311592884596,Loamy,Maize,3.6738672011896227
70.8751791746672,29.935327554257707,108.82224367765396,4.623183978651815,Clay,Maize,2.7268223272694496
244.2867289818592,30.012921510841334,84.63271932109555,1.3417040819563637,Clay,Maize,6.291141850453839
189.60106243395126,31.625916863656386,100.3201412261578,2.5958135507565068,Clay,Wheat,5.209221356090357
156.05550231174408,19.38428196558624,132.95764798223337,6.183140293605518,Clay,Maize,4.179887221501568
276.588596273684,37.860298648123994,94.17926706304786,7.488799585272304,Loamy,Wheat,5.757563851358827
77.79937057653784,25.469263122301825,23.950317760588792,9.984301358233022,Clay,Maize,2.629578441028086
173.15627607271477,24.578463206237437,141.0233304159071,9.364576647763798,Loamy,Rice,5.602084308301572
52.83841119185477,27.97294263207094,109.63847763410294,6.604369395584319,Clay,Maize,3.5233577985232385
167.16516049853158,16.174149169376378,107.94674015104205,4.501856506293684,Sandy,Maize,4.751357140918282
64.07581892045934,19.157084218901986,48.03776981170323,6.543684964728211,Clay,Wheat,1.8915766824307567
79.70447906701799,33.45084041065926,105.65511113024543,7.963690371762204,Clay,Wheat,2.9879447200498404
79.38156169427623,17.069966698128162,71.2023727350406,1.6241938137721794,Loamy,Maize,2.954150102354284
212.30257552901588,30.078802736659703,104.66028701539398,4.394096452114738,Clay,Rice,5.9743182851405034
236.51121981635583,21.133727742033024,33.857093940038794,8.478121713538364,Sandy,Maize,5.847747335084452
195.84219127428992,24.732390351049414,105.51988959839468,4.146413043363918,Loamy,Maize,5.982830572304109
290.5431371186355,22.217343419267497,149.92378435018665,5.932786576658272,Loamy,Rice,7.5669240517346505
143.717644880926,23.89181791162373,26.267565051872282,6.083808928190883,Clay,Wheat,3.8686869936721426
121.42802157046518,32.97614762960614,147.03264394877124,2.2525244047695736,Loamy,Maize,4.101023708209092
267.1497820473651,22.428042890579377,72.89803489397318,3.9412366956967397,Loamy,Wheat,7.2948730471280046
105.89895962986316,29.16011600742243,133.1979485438437,3.677857243048355,Loamy,Wheat,4.2370113851521385
290.80563486015285,26.90126005497749,121.71011292757555,0.7488687310546156,Loamy,Rice,7.867782639877275
53.038618672454085,31.591779134066204,93.71211392826682,0.7298217569678749,Loamy,Rice,2.4963405689113407
292.46970667690977,38.420743483118954,115.99839720267245,8.401121914919848,Loamy,Wheat,6.3752302236563425
60.78997798764403,33.31430243025626,134.20702296917523,3.094172694741718,Sandy,Maize,2.631218141453386
272.78577842451773,20.37350946476892,72.53824181463429,5.421748279268747,Clay,Wheat,6.557595179983387
181.92527727157497,15.779578376532116,62.51431100322103,3.337892949093344,Sandy,Maize,4.150776248442309
298.2411990298251,21.556601107495627,106.78714012326601,9.436452828595735,Loamy,Maize,8.106334265646964
68.44914118384972,29.87694826750637,125.01997245236362,2.9633192092248506,Loamy,Rice,3.4901857758406774
188.4635711003302,16.28564533710626,119.09706752096005,4.581739721019884,Clay,Maize,5.0641227173139605
292.32563390477475,27.40915618003091,123.71577435162249,8.790937379603717,Sandy,Maize,7.903091876447358
180.7744610425372,29.92107122292223,76.6258309256813,8.498368884522183,Clay,Wheat,4.7716553682181795
207.34965953381564,23.356097270424023,126.31844810275281,2.2679634695396347,Sandy,Rice,6.194968689727972
223.9371722461543,34.272805093645545,35.6271771981791,8.12511144305925,Loamy,Maize,4.686174777325133
163.6352661919433,17.664956328344296,90.78358273491044,4.85277542400998,Clay,Maize,4.4040787092470834
206.88952002101587,16.87844454339522,20.748625864755805,5.088204284810875,Clay,Rice,4.989533507808793
196.07857798077507,33.20471890509008,62.19615788703514,1.768059737951466,Loamy,Wheat,4.406997471957269
275.28950262274725,27.38728290515496,67.63999953328172,1.2657143806926843,Clay,Rice,6.8185835511684365
61.36159508536447,32.2100599106934,71.5024499092032,7.4154234162507695,Sandy,Rice,1.9161171027607142
120.24079739805758,25.870683465093656,110.41073686968208,5.216380947375348,Sandy,Maize,3.8800697925378183
287.6028710191397,21.16005083097767,70.51255316514494,4.6500816748442055,Sandy,Maize,7.073699281568904
272.5659459727291,35.477557941855,78.33017094092898,7.430328172197769,Sandy,Wheat,5.72154567007435
163.91418819642823,34.985396974224486,50.88073701366257,7.772372540415542,Loamy,Maize,4.228516285974333
205.03314945038417,32.367411771360665,68.52273291181422,2.009627592858859,Clay,Maize,5.0082487921846495
119.34529574528317,21.803628430749068,49.54505154420969,6.297138920037592,Sandy,Rice,4.037007577289611
97.03028993094033,29.755766671727176,29.515470089897672,1.7858637816380125,Loamy,Maize,3.2099892756408637
165.92460123499552,24.02434742350067,98.44831713957913,7.638063317275934,Clay,Wheat,5.0307699700282
138.33805700651322,17.289551833165852,106.86766381215212,6.741073984537826,Clay,Rice,4.773968343543112
195.91402796271802,37.93283938655607,100.53374498124988,9.587838900292851,Loamy,Wheat,4.191594859021743
69.4336592412462,18.420465772974033,80.2542256940744,1.155101155386001,Loamy,Rice,3.172215515120803
293.5987019165416,38.75593384552006,69.37215142329987,1.042019850936916,Sandy,Maize,5.912417460414966
296.5526861199007,26.150144323948894,132.2333744443373,3.1807772095854014,Clay,Rice,8.264553542713703
